Workbook

Sheet Summary
A1: TAT Channel – programmable resistance
A2: Measured between TAT_INPUT_1 and TAT_INPUT_3 (TAT_INPUT_2 is the same node as TAT_INPUT_3). Ideal 0 Ω relay contacts.
A4: Resistor values (yellow = editable)
A5: Series resistor at TAT_L1 (always in path) | B5: 30 | C5: High-res schematic
A6: R4 tap resistor (between R4-1 and R4-2) | B6: 32 | C6: High-res schematic
A7: R3 ladder resistor (7 in row) | B7: 8 | C7: Schematic
A8: R2 ladder resistor (7 in row) | B8: 1 | C8: Schematic
A9: R1 ladder resistor (7 in row) | B9: 0.125 | C9: Schematic
A11: Results
A12: Minimum resistance | B12: =B5 -> 30 | C12: R4-2, R3-1, R2-1, R1-1 closed (only the fixed 30 Ω remains)
A13: Maximum resistance | B13: =B5+B6+7*(B7+B8+B9) -> 125.875 | C13: Only R4-1, R3-8, R2-8, R1-8 closed
A14: Step (resolution) | B14: =B9 -> 0.125 | C14: Set by the R1 row
A15: Span (max − min) | B15: =B13-B12 -> 95.875
A16: Number of steps | B16: =ROUND(B15/B14,0) -> 767
A17: Distinct resistance values | B17: =B16+1 -> 768
A18: Settings in Lookup Table | B18: =COUNT('Lookup Table'!B:B) -> 768 | C18: Should equal the row above
A19: Gap check | B19: =IF(AND(B18=B17,ABS(MAX('Lookup Table'!AD:AD)-B14)<0.000000001,ABS(MIN('Lookup Table'!AD:AD)-B14)<0.000000001),"OK – every step is exactly one R1 step, no gaps","CHECK – steps are not uniform for these resistor values") -> OK – every step is exactly one R1 step, no gaps
A21: Contribution of each row
A22: Row | B22: Relays | C22: Adds (min) | D22: Adds (max) | E22: Step in row
A23: Fixed 30 Ω | B23: – | C23: =B5 -> 30 | D23: =B5 -> 30 | E23: –
A24: R4 | B24: R4-1, R4-2 | C24: 0 | D24: =B6 -> 32 | E24: =B6 -> 32
A25: R3 | B25: R3-1 … R3-8 | C25: 0 | D25: =7*B7 -> 56 | E25: =B7 -> 8
A26: R2 | B26: R2-1 … R2-8 | C26: 0 | D26: =7*B8 -> 7 | E26: =B8 -> 1
A27: R1 | B27: R1-1 … R1-8 | C27: 0 | D27: =7*B9 -> 0.875 | E27: =B9 -> 0.125
A28: Total | C28: =SUM(C23:C27) -> 30 | D28: =SUM(D23:D27) -> 125.875
A30: R4 row truth table (the row that is easiest to misread)
A31: R4-1 | B31: R4-2 | C31: R4 adds | D31: What happens
A32: 0 | B32: 0 | C32: ="OPEN" -> OPEN | D32: Open circuit – nothing connects the 30 Ω resistor to the R3 row
A33: 1 | B33: 0 | C33: =B6 -> 32 | D33: Current goes through the 32 Ω tap, then down R4-1
A34: 0 | B34: 1 | C34: 0 | D34: R4-2 connects straight past the 32 Ω – it is bypassed
A35: 1 | B35: 1 | C35: 0 | D35: Still bypassed – R4-2 shorts the 32 Ω, so R4-1 carries no current
A36: To add the 32 Ω you must close R4-1 AND open R4-2. Opening R4-2 alone (with R4-1 open) breaks the circuit.
A38: How the circuit works
A39: • Each R1/R2/R3 row is a tap ladder: 7 resistors on the top rail and 8 normally-open relays, each connecting one node down to a common bottom rail.
A40: • Current enters a row at the left node. Closing relay Rx-k adds (k − 1) × the row resistor. If several relays in a row are closed, only the leftmost closed one matters.
A41: • If any row has no relay closed, the channel is open. With every relay off (power-up / reset), the channel is open.
A42: • Total R = 30 + {0 or 32} + 8·a + 1·b + 0.125·c, where a, b, c = 0…7 (position of the leftmost closed relay minus 1).
A43: • R3 + R2 + R1 cover 0 … 63.875 Ω. The 32 Ω tap shifts that to 32 … 95.875 Ω. The two ranges overlap, so 30 … 125.875 Ω is continuous in 0.125 Ω steps.
A44: • Lookup Table closes one relay per row. Where a value can be reached with or without the 32 Ω tap, it uses R4-2 (tap bypassed).

Sheet Calculator
A1: Relay calculator
A2: Type 1 (closed) or 0 (open) in the yellow cells. Each row shows which relay is carrying current and what it adds.
A4: Row | B4: Relays | J4: Carrying current | K4: Adds | L4: Status
A5: R4 | B5: R4-1 | C5: R4-2
A6: state | B6: 0 | C6: 1 | D6: – | E6: – | F6: – | G6: – | H6: – | I6: – | J6: =IF(C6=1,"R4-2",IF(B6=1,"R4-1","none")) -> R4-2 | K6: =IF(C6=1,0,IF(B6=1,Summary!$B$6,"OPEN")) -> 0 | L6: =IF(C6=1,IF(B6=1,"32 Ω bypassed (R4-2 shorts it, R4-1 has no effect)","32 Ω bypassed"),IF(B6=1,"32 Ω tap in path","OPEN – close R4-1 (add 32 Ω) or R4-2 (bypass)")) -> 32 Ω bypassed
A8: R3 | B8: R3-1 | C8: R3-2 | D8: R3-3 | E8: R3-4 | F8: R3-5 | G8: R3-6 | H8: R3-7 | I8: R3-8
A9: state | B9: 0 | C9: 0 | D9: 0 | E9: 1 | F9: 0 | G9: 0 | H9: 0 | I9: 0 | J9: =IF(COUNTIF(B9:I9,1)=0,"none","R3-"&MATCH(1,B9:I9,0)) -> R3-4 | K9: =IF(COUNTIF(B9:I9,1)=0,"OPEN",(MATCH(1,B9:I9,0)-1)*Summary!$B$7) -> 24 | L9: =IF(COUNTIF(B9:I9,1)=0,"OPEN – close at least one R3 relay",IF(COUNTIF(B9:I9,1)>1,"OK – only the leftmost closed relay counts","OK")) -> OK
A11: R2 | B11: R2-1 | C11: R2-2 | D11: R2-3 | E11: R2-4 | F11: R2-5 | G11: R2-6 | H11: R2-7 | I11: R2-8
A12: state | B12: 0 | C12: 0 | D12: 0 | E12: 0 | F12: 0 | G12: 1 | H12: 0 | I12: 0 | J12: =IF(COUNTIF(B12:I12,1)=0,"none","R2-"&MATCH(1,B12:I12,0)) -> R2-6 | K12: =IF(COUNTIF(B12:I12,1)=0,"OPEN",(MATCH(1,B12:I12,0)-1)*Summary!$B$8) -> 5 | L12: =IF(COUNTIF(B12:I12,1)=0,"OPEN – close at least one R2 relay",IF(COUNTIF(B12:I12,1)>1,"OK – only the leftmost closed relay counts","OK")) -> OK
A14: R1 | B14: R1-1 | C14: R1-2 | D14: R1-3 | E14: R1-4 | F14: R1-5 | G14: R1-6 | H14: R1-7 | I14: R1-8
A15: state | B15: 0 | C15: 0 | D15: 1 | E15: 0 | F15: 0 | G15: 0 | H15: 0 | I15: 0 | J15: =IF(COUNTIF(B15:I15,1)=0,"none","R1-"&MATCH(1,B15:I15,0)) -> R1-3 | K15: =IF(COUNTIF(B15:I15,1)=0,"OPEN",(MATCH(1,B15:I15,0)-1)*Summary!$B$9) -> 0.25 | L15: =IF(COUNTIF(B15:I15,1)=0,"OPEN – close at least one R1 relay",IF(COUNTIF(B15:I15,1)>1,"OK – only the leftmost closed relay counts","OK")) -> OK
A17: Fixed | J17: 30 Ω at TAT_L1 | K17: =Summary!$B$5 -> 30 | L17: Always in path
A19: Total INPUT_1 ↔ INPUT_3 | K19: =IF(OR(K6="OPEN",K9="OPEN",K12="OPEN",K15="OPEN"),"OPEN CIRCUIT",K17+K6+K9+K12+K15) -> 59.25 | L19: =IF(K19="OPEN CIRCUIT","See the row marked OPEN","= "&K17&" + "&K6&" + "&K9&" + "&K12&" + "&K15&" Ω") -> = 30 + 0 + 24 + 5 + 0.25 Ω
A20: Example loaded: R4-2, R3-4, R2-6, R1-3 closed → 30 + 0 + 24 + 5 + 0.25 = 59.25 Ω
A23: Find the setting for a target
A24: Target resistance | B24: 75.3
A25: Step index (0 = minimum) | B25: =MAX(0,MIN(Summary!$B$16,ROUND((B24-Summary!$B$12)/Summary!$B$14,0))) -> 362
A26: Nearest achievable | B26: =INDEX('Lookup Table'!$B:$B,B25+3) -> 75.25
A27: Error | B27: =B26-B24 -> -0.05
A28: Close these relays (all others open) | B28: =INDEX('Lookup Table'!$AC:$AC,B25+3) -> R4-2, R3-6, R2-6, R1-3
A29: Range check | B29: =IF(B24<Summary!$B$12,"Below minimum – clamped to "&Summary!$B$12&" Ω",IF(B24>Summary!$B$13,"Above maximum – clamped to "&Summary!$B$13&" Ω","In range")) -> In range

Sheet Lookup Table
A1: All 768 settings (one closed relay per row, 1 = closed). Resistance is calculated from the relay bits and Summary values.
A2: Step | B2: Resistance | C2: R4-1 | D2: R4-2 | E2: R3-1 | F2: R3-2 | G2: R3-3 | H2: R3-4 | I2: R3-5 | J2: R3-6 | K2: R3-7 | L2: R3-8 | M2: R2-1 | N2: R2-2 | O2: R2-3 | P2: R2-4 | Q2: R2-5 | R2: R2-6 | S2: R2-7 | T2: R2-8 | U2: R1-1 | V2: R1-2 | W2: R1-3 | X2: R1-4 | Y2: R1-5 | Z2: R1-6 | AA2: R1-7 | AB2: R1-8 | AC2: Close these relays | AD2: Δ to previous
A3: 0 | B3: =Summary!$B$5+IF(D3=1,0,IF(C3=1,Summary!$B$6,NA()))+(MATCH(1,E3:L3,0)-1)*Summary!$B$7+(MATCH(1,M3:T3,0)-1)*Summary!$B$8+(MATCH(1,U3:AB3,0)-1)*Summary!$B$9 -> 30 | C3: 0 | D3: 1 | E3: 1 | F3: 0 | G3: 0 | H3: 0 | I3: 0 | J3: 0 | K3: 0 | L3: 0 | M3: 1 | N3: 0 | O3: 0 | P3: 0 | Q3: 0 | R3: 0 | S3: 0 | T3: 0 | U3: 1 | V3: 0 | W3: 0 | X3: 0 | Y3: 0 | Z3: 0 | AA3: 0 | AB3: 0 | AC3: R4-2, R3-1, R2-1, R1-1
A4: 1 | B4: =Summary!$B$5+IF(D4=1,0,IF(C4=1,Summary!$B$6,NA()))+(MATCH(1,E4:L4,0)-1)*Summary!$B$7+(MATCH(1,M4:T4,0)-1)*Summary!$B$8+(MATCH(1,U4:AB4,0)-1)*Summary!$B$9 -> 30.125 | C4: 0 | D4: 1 | E4: 1 | F4: 0 | G4: 0 | H4: 0 | I4: 0 | J4: 0 | K4: 0 | L4: 0 | M4: 1 | N4: 0 | O4: 0 | P4: 0 | Q4: 0 | R4: 0 | S4: 0 | T4: 0 | U4: 0 | V4: 1 | W4: 0 | X4: 0 | Y4: 0 | Z4: 0 | AA4: 0 | AB4: 0 | AC4: R4-2, R3-1, R2-1, R1-2 | AD4: =B4-B3 -> 0.125
A5: 2 | B5: =Summary!$B$5+IF(D5=1,0,IF(C5=1,Summary!$B$6,NA()))+(MATCH(1,E5:L5,0)-1)*Summary!$B$7+(MATCH(1,M5:T5,0)-1)*Summary!$B$8+(MATCH(1,U5:AB5,0)-1)*Summary!$B$9 -> 30.25 | C5: 0 | D5: 1 | E5: 1 | F5: 0 | G5: 0 | H5: 0 | I5: 0 | J5: 0 | K5: 0 | L5: 0 | M5: 1 | N5: 0 | O5: 0 | P5: 0 | Q5: 0 | R5: 0 | S5: 0 | T5: 0 | U5: 0 | V5: 0 | W5: 1 | X5: 0 | Y5: 0 | Z5: 0 | AA5: 0 | AB5: 0 | AC5: R4-2, R3-1, R2-1, R1-3 | AD5: =B5-B4 -> 0.125
A6: 3 | B6: =Summary!$B$5+IF(D6=1,0,IF(C6=1,Summary!$B$6,NA()))+(MATCH(1,E6:L6,0)-1)*Summary!$B$7+(MATCH(1,M6:T6,0)-1)*Summary!$B$8+(MATCH(1,U6:AB6,0)-1)*Summary!$B$9 -> 30.375 | C6: 0 | D6: 1 | E6: 1 | F6: 0 | G6: 0 | H6: 0 | I6: 0 | J6: 0 | K6: 0 | L6: 0 | M6: 1 | N6: 0 | O6: 0 | P6: 0 | Q6: 0 | R6: 0 | S6: 0 | T6: 0 | U6: 0 | V6: 0 | W6: 0 | X6: 1 | Y6: 0 | Z6: 0 | AA6: 0 | AB6: 0 | AC6: R4-2, R3-1, R2-1, R1-4 | AD6: =B6-B5 -> 0.125
A7: 4 | B7: =Summary!$B$5+IF(D7=1,0,IF(C7=1,Summary!$B$6,NA()))+(MATCH(1,E7:L7,0)-1)*Summary!$B$7+(MATCH(1,M7:T7,0)-1)*Summary!$B$8+(MATCH(1,U7:AB7,0)-1)*Summary!$B$9 -> 30.5 | C7: 0 | D7: 1 | E7: 1 | F7: 0 | G7: 0 | H7: 0 | I7: 0 | J7: 0 | K7: 0 | L7: 0 | M7: 1 | N7: 0 | O7: 0 | P7: 0 | Q7: 0 | R7: 0 | S7: 0 | T7: 0 | U7: 0 | V7: 0 | W7: 0 | X7: 0 | Y7: 1 | Z7: 0 | AA7: 0 | AB7: 0 | AC7: R4-2, R3-1, R2-1, R1-5 | AD7: =B7-B6 -> 0.125
A8: 5 | B8: =Summary!$B$5+IF(D8=1,0,IF(C8=1,Summary!$B$6,NA()))+(MATCH(1,E8:L8,0)-1)*Summary!$B$7+(MATCH(1,M8:T8,0)-1)*Summary!$B$8+(MATCH(1,U8:AB8,0)-1)*Summary!$B$9 -> 30.625 | C8: 0 | D8: 1 | E8: 1 | F8: 0 | G8: 0 | H8: 0 | I8: 0 | J8: 0 | K8: 0 | L8: 0 | M8: 1 | N8: 0 | O8: 0 | P8: 0 | Q8: 0 | R8: 0 | S8: 0 | T8: 0 | U8: 0 | V8: 0 | W8: 0 | X8: 0 | Y8: 0 | Z8: 1 | AA8: 0 | AB8: 0 | AC8: R4-2, R3-1, R2-1, R1-6 | AD8: =B8-B7 -> 0.125
A9: 6 | B9: =Summary!$B$5+IF(D9=1,0,IF(C9=1,Summary!$B$6,NA()))+(MATCH(1,E9:L9,0)-1)*Summary!$B$7+(MATCH(1,M9:T9,0)-1)*Summary!$B$8+(MATCH(1,U9:AB9,0)-1)*Summary!$B$9 -> 30.75 | C9: 0 | D9: 1 | E9: 1 | F9: 0 | G9: 0 | H9: 0 | I9: 0 | J9: 0 | K9: 0 | L9: 0 | M9: 1 | N9: 0 | O9: 0 | P9: 0 | Q9: 0 | R9: 0 | S9: 0 | T9: 0 | U9: 0 | V9: 0 | W9: 0 | X9: 0 | Y9: 0 | Z9: 0 | AA9: 1 | AB9: 0 | AC9: R4-2, R3-1, R2-1, R1-7 | AD9: =B9-B8 -> 0.125
A10: 7 | B10: =Summary!$B$5+IF(D10=1,0,IF(C10=1,Summary!$B$6,NA()))+(MATCH(1,E10:L10,0)-1)*Summary!$B$7+(MATCH(1,M10:T10,0)-1)*Summary!$B$8+(MATCH(1,U10:AB10,0)-1)*Summary!$B$9 -> 30.875 | C10: 0 | D10: 1 | E10: 1 | F10: 0 | G10: 0 | H10: 0 | I10: 0 | J10: 0 | K10: 0 | L10: 0 | M10: 1 | N10: 0 | O10: 0 | P10: 0 | Q10: 0 | R10: 0 | S10: 0 | T10: 0 | U10: 0 | V10: 0 | W10: 0 | X10: 0 | Y10: 0 | Z10: 0 | AA10: 0 | AB10: 1 | AC10: R4-2, R3-1, R2-1, R1-8 | AD10: =B10-B9 -> 0.125
A11: 8 | B11: =Summary!$B$5+IF(D11=1,0,IF(C11=1,Summary!$B$6,NA()))+(MATCH(1,E11:L11,0)-1)*Summary!$B$7+(MATCH(1,M11:T11,0)-1)*Summary!$B$8+(MATCH(1,U11:AB11,0)-1)*Summary!$B$9 -> 31 | C11: 0 | D11: 1 | E11: 1 | F11: 0 | G11: 0 | H11: 0 | I11: 0 | J11: 0 | K11: 0 | L11: 0 | M11: 0 | N11: 1 | O11: 0 | P11: 0 | Q11: 0 | R11: 0 | S11: 0 | T11: 0 | U11: 1 | V11: 0 | W11: 0 | X11: 0 | Y11: 0 | Z11: 0 | AA11: 0 | AB11: 0 | AC11: R4-2, R3-1, R2-2, R1-1 | AD11: =B11-B10 -> 0.125
A12: 9 | B12: =Summary!$B$5+IF(D12=1,0,IF(C12=1,Summary!$B$6,NA()))+(MATCH(1,E12:L12,0)-1)*Summary!$B$7+(MATCH(1,M12:T12,0)-1)*Summary!$B$8+(MATCH(1,U12:AB12,0)-1)*Summary!$B$9 -> 31.125 | C12: 0 | D12: 1 | E12: 1 | F12: 0 | G12: 0 | H12: 0 | I12: 0 | J12: 0 | K12: 0 | L12: 0 | M12: 0 | N12: 1 | O12: 0 | P12: 0 | Q12: 0 | R12: 0 | S12: 0 | T12: 0 | U12: 0 | V12: 1 | W12: 0 | X12: 0 | Y12: 0 | Z12: 0 | AA12: 0 | AB12: 0 | AC12: R4-2, R3-1, R2-2, R1-2 | AD12: =B12-B11 -> 0.125
A13: 10 | B13: =Summary!$B$5+IF(D13=1,0,IF(C13=1,Summary!$B$6,NA()))+(MATCH(1,E13:L13,0)-1)*Summary!$B$7+(MATCH(1,M13:T13,0)-1)*Summary!$B$8+(MATCH(1,U13:AB13,0)-1)*Summary!$B$9 -> 31.25 | C13: 0 | D13: 1 | E13: 1 | F13: 0 | G13: 0 | H13: 0 | I13: 0 | J13: 0 | K13: 0 | L13: 0 | M13: 0 | N13: 1 | O13: 0 | P13: 0 | Q13: 0 | R13: 0 | S13: 0 | T13: 0 | U13: 0 | V13: 0 | W13: 1 | X13: 0 | Y13: 0 | Z13: 0 | AA13: 0 | AB13: 0 | AC13: R4-2, R3-1, R2-2, R1-3 | AD13: =B13-B12 -> 0.125
A14: 11 | B14: =Summary!$B$5+IF(D14=1,0,IF(C14=1,Summary!$B$6,NA()))+(MATCH(1,E14:L14,0)-1)*Summary!$B$7+(MATCH(1,M14:T14,0)-1)*Summary!$B$8+(MATCH(1,U14:AB14,0)-1)*Summary!$B$9 -> 31.375 | C14: 0 | D14: 1 | E14: 1 | F14: 0 | G14: 0 | H14: 0 | I14: 0 | J14: 0 | K14: 0 | L14: 0 | M14: 0 | N14: 1 | O14: 0 | P14: 0 | Q14: 0 | R14: 0 | S14: 0 | T14: 0 | U14: 0 | V14: 0 | W14: 0 | X14: 1 | Y14: 0 | Z14: 0 | AA14: 0 | AB14: 0 | AC14: R4-2, R3-1, R2-2, R1-4 | AD14: =B14-B13 -> 0.125
A15: 12 | B15: =Summary!$B$5+IF(D15=1,0,IF(C15=1,Summary!$B$6,NA()))+(MATCH(1,E15:L15,0)-1)*Summary!$B$7+(MATCH(1,M15:T15,0)-1)*Summary!$B$8+(MATCH(1,U15:AB15,0)-1)*Summary!$B$9 -> 31.5 | C15: 0 | D15: 1 | E15: 1 | F15: 0 | G15: 0 | H15: 0 | I15: 0 | J15: 0 | K15: 0 | L15: 0 | M15: 0 | N15: 1 | O15: 0 | P15: 0 | Q15: 0 | R15: 0 | S15: 0 | T15: 0 | U15: 0 | V15: 0 | W15: 0 | X15: 0 | Y15: 1 | Z15: 0 | AA15: 0 | AB15: 0 | AC15: R4-2, R3-1, R2-2, R1-5 | AD15: =B15-B14 -> 0.125
... A770: 767 | B770: =Summary!$B$5+IF(D770=1,0,IF(C770=1,Summary!$B$6,NA()))+(MATCH(1,E770:L770,0)-1)*Summary!$B$7+(MATCH(1,M770:T770,0)-1)*Summary!$B$8+(MATCH(1,U770:AB770,0)-1)*Summary!$B$9 -> 125.875 | C770: 1 | D770: 0 | E770: 0 | F770: 0 | G770: 0 | H770: 0 | I770: 0 | J770: 0 | K770: 0 | L770: 1 | M770: 0 | N770: 0 | O770: 0 | P770: 0 | Q770: 0 | R770: 0 | S770: 0 | T770: 1 | U770: 0 | V770: 0 | W770: 0 | X770: 0 | Y770: 0 | Z770: 0 | AA770: 0 | AB770: 1 | AC770: R4-1, R3-8, R2-8, R1-8 | AD770: =B770-B769 -> 0.125

Sheet Chart
